Protocol,AverageLength
TCP,898.3068526379624
TLSv1.3,794.7027027027027
TLSv1.2,633.6666666666666
HTTP,443.65
